dataset,standardization_scope,metric,case,delta_APA_minus_AAG
GSE156931,paired_samples_only,ZG_aldosterone_program,CH018,-1.7107408449554267
GSE156931,paired_samples_only,ZG_aldosterone_program,CH040,0.9525601382374796
GSE156931,paired_samples_only,ZG_aldosterone_program,CH042,0.47033286376390093
GSE156931,paired_samples_only,ZG_aldosterone_program,CH049,-0.14239005240054492
GSE156931,paired_samples_only,ZG_aldosterone_program,CN032,1.1029930303084852
GSE156931,paired_samples_only,ZG_aldosterone_program,CN059,0.09173895350124797
GSE156931,paired_samples_only,ZG_aldosterone_program,CN062,0.22389073561221257
GSE156931,paired_samples_only,ZG_aldosterone_program,CN067,0.6228138381203469
GSE156931,paired_samples_only,ZF_cortisol_program,CH018,-0.599319227460117
GSE156931,paired_samples_only,ZF_cortisol_program,CH040,-0.3926684004374516
GSE156931,paired_samples_only,ZF_cortisol_program,CH042,0.04634541658829247
GSE156931,paired_samples_only,ZF_cortisol_program,CH049,-0.08157613785748852
GSE156931,paired_samples_only,ZF_cortisol_program,CN032,-0.3751319768373741
GSE156931,paired_samples_only,ZF_cortisol_program,CN059,-0.16619077117693948
GSE156931,paired_samples_only,ZF_cortisol_program,CN062,0.032692442297299396
GSE156931,paired_samples_only,ZF_cortisol_program,CN067,-1.2508302733476724
GSE156931,paired_samples_only,ZR_androgen_program,CH018,-0.29044736292757345
GSE156931,paired_samples_only,ZR_androgen_program,CH040,-0.5951428107397565
GSE156931,paired_samples_only,ZR_androgen_program,CH042,-0.9128967836719158
GSE156931,paired_samples_only,ZR_androgen_program,CH049,-0.5525080768071274
GSE156931,paired_samples_only,ZR_androgen_program,CN032,-0.14404266012680939
GSE156931,paired_samples_only,ZR_androgen_program,CN059,-0.4987382192383254
GSE156931,paired_samples_only,ZR_androgen_program,CN062,-0.41591062495732833
GSE156931,paired_samples_only,ZR_androgen_program,CN067,-1.3336620967863062
GSE156931,paired_samples_only,intermediate_steroidogenic_program,CH018,-0.6042395592166014
GSE156931,paired_samples_only,intermediate_steroidogenic_program,CH040,0.21190614209672493
GSE156931,paired_samples_only,intermediate_steroidogenic_program,CH042,0.22415030388138502
GSE156931,paired_samples_only,intermediate_steroidogenic_program,CH049,0.07635584850685534
GSE156931,paired_samples_only,intermediate_steroidogenic_program,CN032,-0.038207287928218286
GSE156931,paired_samples_only,intermediate_steroidogenic_program,CN059,0.11389374653332296
GSE156931,paired_samples_only,intermediate_steroidogenic_program,CN062,0.35645659247861816
GSE156931,paired_samples_only,intermediate_steroidogenic_program,CN067,0.6365658875228832
GSE156931,paired_samples_only,generic_steroidogenesis_program,CH018,-0.5793896957695726
GSE156931,paired_samples_only,generic_steroidogenesis_program,CH040,0.01924111627465086
GSE156931,paired_samples_only,generic_steroidogenesis_program,CH042,0.020528313597500847
GSE156931,paired_samples_only,generic_steroidogenesis_program,CH049,0.014866364066166149
GSE156931,paired_samples_only,generic_steroidogenesis_program,CN032,-0.15540596738253426
GSE156931,paired_samples_only,generic_steroidogenesis_program,CN059,-0.014184546694156086
GSE156931,paired_samples_only,generic_steroidogenesis_program,CN062,0.31062711109267355
GSE156931,paired_samples_only,generic_steroidogenesis_program,CN067,0.6200251507551274
GSE156931,paired_samples_only,ZG_intermediate_vs_ZF_ZR_axis_score,CH018,-0.712606906892169
GSE156931,paired_samples_only,ZG_intermediate_vs_ZF_ZR_axis_score,CH040,1.0761387457557063
GSE156931,paired_samples_only,ZG_intermediate_vs_ZF_ZR_axis_score,CH042,0.7805172673644546
GSE156931,paired_samples_only,ZG_intermediate_vs_ZF_ZR_axis_score,CH049,0.28402500538546327
GSE156931,paired_samples_only,ZG_intermediate_vs_ZF_ZR_axis_score,CN032,0.7919801896722252
GSE156931,paired_samples_only,ZG_intermediate_vs_ZF_ZR_axis_score,CN059,0.43528084522491794
GSE156931,paired_samples_only,ZG_intermediate_vs_ZF_ZR_axis_score,CN062,0.4817827553754298
GSE156931,paired_samples_only,ZG_intermediate_vs_ZF_ZR_axis_score,CN067,1.9219360478886043
GSE156931,paired_samples_only,ZG_intermediate_vs_ZF_ZR_axis_score_CYP11B2_free,CH018,-0.7276403190339652
GSE156931,paired_samples_only,ZG_intermediate_vs_ZF_ZR_axis_score_CYP11B2_free,CH040,1.0058435303288278
GSE156931,paired_samples_only,ZG_intermediate_vs_ZF_ZR_axis_score_CYP11B2_free,CH042,0.7037523463466118
GSE156931,paired_samples_only,ZG_intermediate_vs_ZF_ZR_axis_score_CYP11B2_free,CH049,0.2435295852581249
GSE156931,paired_samples_only,ZG_intermediate_vs_ZF_ZR_axis_score_CYP11B2_free,CN032,0.7218110711174132
GSE156931,paired_samples_only,ZG_intermediate_vs_ZF_ZR_axis_score_CYP11B2_free,CN059,0.43029072015188674
GSE156931,paired_samples_only,ZG_intermediate_vs_ZF_ZR_axis_score_CYP11B2_free,CN062,0.4174970414704138
GSE156931,paired_samples_only,ZG_intermediate_vs_ZF_ZR_axis_score_CYP11B2_free,CN067,1.8598691505773406
GSE156931,paired_samples_only,ZG_vs_ZF_axis_score,CH018,-1.1114216174953095
GSE156931,paired_samples_only,ZG_vs_ZF_axis_score,CH040,1.3452285386749314
GSE156931,paired_samples_only,ZG_vs_ZF_axis_score,CH042,0.42398744717560843
GSE156931,paired_samples_only,ZG_vs_ZF_axis_score,CH049,-0.0608139145430564
GSE156931,paired_samples_only,ZG_vs_ZF_axis_score,CN032,1.478125007145859
GSE156931,paired_samples_only,ZG_vs_ZF_axis_score,CN059,0.2579297246781874
GSE156931,paired_samples_only,ZG_vs_ZF_axis_score,CN062,0.19119829331491317
GSE156931,paired_samples_only,ZG_vs_ZF_axis_score,CN067,1.8736441114680193
GSE156931,paired_samples_only,aldosterone_specificity_score,CH018,-1.1313511491858539
GSE156931,paired_samples_only,aldosterone_specificity_score,CH040,0.9333190219628288
GSE156931,paired_samples_only,aldosterone_specificity_score,CH042,0.4498045501664
GSE156931,paired_samples_only,aldosterone_specificity_score,CH049,-0.15725641646671107
GSE156931,paired_samples_only,aldosterone_specificity_score,CN032,1.2583989976910193
GSE156931,paired_samples_only,aldosterone_specificity_score,CN059,0.10592350019540403
GSE156931,paired_samples_only,aldosterone_specificity_score,CN062,-0.08673637548046098
GSE156931,paired_samples_only,aldosterone_specificity_score,CN067,0.002788687365219422
GSE156931,paired_samples_only,housekeeping_control,CH018,-0.6824483319424255
GSE156931,paired_samples_only,housekeeping_control,CH040,-0.15726452492872312
GSE156931,paired_samples_only,housekeeping_control,CH042,-0.2886990037380861
GSE156931,paired_samples_only,housekeeping_control,CH049,-0.12725525502810808
GSE156931,paired_samples_only,housekeeping_control,CN032,-0.3862367667755041
GSE156931,paired_samples_only,housekeeping_control,CN059,-0.017332804588633288
GSE156931,paired_samples_only,housekeeping_control,CN062,0.4243293336584218
GSE156931,paired_samples_only,housekeeping_control,CN067,0.6189295636121842
GSE156931,all_24_samples_sensitivity,ZG_aldosterone_program,CH018,-1.5899357203187132
GSE156931,all_24_samples_sensitivity,ZG_aldosterone_program,CH040,0.8826821418357389
GSE156931,all_24_samples_sensitivity,ZG_aldosterone_program,CH042,0.504290536988445
GSE156931,all_24_samples_sensitivity,ZG_aldosterone_program,CH049,-0.07826884938450886
GSE156931,all_24_samples_sensitivity,ZG_aldosterone_program,CN032,1.0319941503108203
GSE156931,all_24_samples_sensitivity,ZG_aldosterone_program,CN059,0.098223057840715
GSE156931,all_24_samples_sensitivity,ZG_aldosterone_program,CN062,0.25724279577572867
GSE156931,all_24_samples_sensitivity,ZG_aldosterone_program,CN067,0.7364203534643933
GSE156931,all_24_samples_sensitivity,ZF_cortisol_program,CH018,-0.6268117449940198
GSE156931,all_24_samples_sensitivity,ZF_cortisol_program,CH040,-0.42547606370675917
GSE156931,all_24_samples_sensitivity,ZF_cortisol_program,CH042,0.01745096083751957
GSE156931,all_24_samples_sensitivity,ZF_cortisol_program,CH049,-0.09587361352613133
GSE156931,all_24_samples_sensitivity,ZF_cortisol_program,CN032,-0.4311322757786475
GSE156931,all_24_samples_sensitivity,ZF_cortisol_program,CN059,-0.20817986507513864
GSE156931,all_24_samples_sensitivity,ZF_cortisol_program,CN062,0.0038849072040413324
GSE156931,all_24_samples_sensitivity,ZF_cortisol_program,CN067,-1.2930645413606507
GSE156931,all_24_samples_sensitivity,ZR_androgen_program,CH018,-0.3044811934266497
GSE156931,all_24_samples_sensitivity,ZR_androgen_program,CH040,-0.6308257508298052
GSE156931,all_24_samples_sensitivity,ZR_androgen_program,CH042,-0.9445615678003734
GSE156931,all_24_samples_sensitivity,ZR_androgen_program,CH049,-0.5494799101183337
GSE156931,all_24_samples_sensitivity,ZR_androgen_program,CN032,-0.1998871532474243
GSE156931,all_24_samples_sensitivity,ZR_androgen_program,CN059,-0.5340826076887177
GSE156931,all_24_samples_sensitivity,ZR_androgen_program,CN062,-0.44343161430117767
GSE156931,all_24_samples_sensitivity,ZR_androgen_program,CN067,-1.4506842170977052
GSE156931,all_24_samples_sensitivity,intermediate_steroidogenic_program,CH018,-0.7267083540704917
GSE156931,all_24_samples_sensitivity,intermediate_steroidogenic_program,CH040,0.25018527990238026
GSE156931,all_24_samples_sensitivity,intermediate_steroidogenic_program,CH042,0.24667650705797378
GSE156931,all_24_samples_sensitivity,intermediate_steroidogenic_program,CH049,0.04061387550280304
GSE156931,all_24_samples_sensitivity,intermediate_steroidogenic_program,CN032,-0.10662013694285678
GSE156931,all_24_samples_sensitivity,intermediate_steroidogenic_program,CN059,0.18433751054345193
GSE156931,all_24_samples_sensitivity,intermediate_steroidogenic_program,CN062,0.3867167443934042
GSE156931,all_24_samples_sensitivity,intermediate_steroidogenic_program,CN067,0.7085636062614673
GSE156931,all_24_samples_sensitivity,generic_steroidogenesis_program,CH018,-0.7028803312633041
GSE156931,all_24_samples_sensitivity,generic_steroidogenesis_program,CH040,0.03219147546876677
GSE156931,all_24_samples_sensitivity,generic_steroidogenesis_program,CH042,0.014290133597091914
GSE156931,all_24_samples_sensitivity,generic_steroidogenesis_program,CH049,-0.034420755406031844
GSE156931,all_24_samples_sensitivity,generic_steroidogenesis_program,CN032,-0.2468746064396612
GSE156931,all_24_samples_sensitivity,generic_steroidogenesis_program,CN059,0.04483109896946069
GSE156931,all_24_samples_sensitivity,generic_steroidogenesis_program,CN062,0.332560123607971
GSE156931,all_24_samples_sensitivity,generic_steroidogenesis_program,CN067,0.6880822385942185
GSE156931,all_24_samples_sensitivity,ZG_intermediate_vs_ZF_ZR_axis_score,CH018,-0.6926755679842677
GSE156931,all_24_samples_sensitivity,ZG_intermediate_vs_ZF_ZR_axis_score,CH040,1.0945846181373418
GSE156931,all_24_samples_sensitivity,ZG_intermediate_vs_ZF_ZR_axis_score,CH042,0.8390388255046364
GSE156931,all_24_samples_sensitivity,ZG_intermediate_vs_ZF_ZR_axis_score,CH049,0.30384927488137964
GSE156931,all_24_samples_sensitivity,ZG_intermediate_vs_ZF_ZR_axis_score,CN032,0.7781967211970175
GSE156931,all_24_samples_sensitivity,ZG_intermediate_vs_ZF_ZR_axis_score,CN059,0.5124115205740116
GSE156931,all_24_samples_sensitivity,ZG_intermediate_vs_ZF_ZR_axis_score,CN062,0.5417531236331345
GSE156931,all_24_samples_sensitivity,ZG_intermediate_vs_ZF_ZR_axis_score,CN067,2.094366359092108
GSE156931,all_24_samples_sensitivity,ZG_intermediate_vs_ZF_ZR_axis_score_CYP11B2_free,CH018,-0.7059065889744067
GSE156931,all_24_samples_sensitivity,ZG_intermediate_vs_ZF_ZR_axis_score_CYP11B2_free,CH040,1.027793095564494
GSE156931,all_24_samples_sensitivity,ZG_intermediate_vs_ZF_ZR_axis_score_CYP11B2_free,CH042,0.7695888656327847
GSE156931,all_24_samples_sensitivity,ZG_intermediate_vs_ZF_ZR_axis_score_CYP11B2_free,CH049,0.268269217480024
GSE156931,all_24_samples_sensitivity,ZG_intermediate_vs_ZF_ZR_axis_score_CYP11B2_free,CN032,0.7118750376210742
GSE156931,all_24_samples_sensitivity,ZG_intermediate_vs_ZF_ZR_axis_score_CYP11B2_free,CN059,0.5082547943672658
GSE156931,all_24_samples_sensitivity,ZG_intermediate_vs_ZF_ZR_axis_score_CYP11B2_free,CN062,0.4833622526697747
GSE156931,all_24_samples_sensitivity,ZG_intermediate_vs_ZF_ZR_axis_score_CYP11B2_free,CN067,2.042778075069205
GSE156931,all_24_samples_sensitivity,ZG_vs_ZF_axis_score,CH018,-0.9631239753246934
GSE156931,all_24_samples_sensitivity,ZG_vs_ZF_axis_score,CH040,1.308158205542498
GSE156931,all_24_samples_sensitivity,ZG_vs_ZF_axis_score,CH042,0.48683957615092543
GSE156931,all_24_samples_sensitivity,ZG_vs_ZF_axis_score,CH049,0.017604764141622486
GSE156931,all_24_samples_sensitivity,ZG_vs_ZF_axis_score,CN032,1.4631264260894676
GSE156931,all_24_samples_sensitivity,ZG_vs_ZF_axis_score,CN059,0.3064029229158536
GSE156931,all_24_samples_sensitivity,ZG_vs_ZF_axis_score,CN062,0.2533578885716874
GSE156931,all_24_samples_sensitivity,ZG_vs_ZF_axis_score,CN067,2.0294848948250443
GSE156931,all_24_samples_sensitivity,aldosterone_specificity_score,CH018,-0.8870553890554091
GSE156931,all_24_samples_sensitivity,aldosterone_specificity_score,CH040,0.8504906663669721
GSE156931,all_24_samples_sensitivity,aldosterone_specificity_score,CH042,0.49000040339135303
GSE156931,all_24_samples_sensitivity,aldosterone_specificity_score,CH049,-0.043848093978477
GSE156931,all_24_samples_sensitivity,aldosterone_specificity_score,CN032,1.2788687567504815
GSE156931,all_24_samples_sensitivity,aldosterone_specificity_score,CN059,0.05339195887125431
GSE156931,all_24_samples_sensitivity,aldosterone_specificity_score,CN062,-0.07531732783224232
GSE156931,all_24_samples_sensitivity,aldosterone_specificity_score,CN067,0.04833811487017481
GSE156931,all_24_samples_sensitivity,housekeeping_control,CH018,-0.6717494876578862
GSE156931,all_24_samples_sensitivity,housekeeping_control,CH040,-0.15105477037216958
GSE156931,all_24_samples_sensitivity,housekeeping_control,CH042,-0.2090827390713086
GSE156931,all_24_samples_sensitivity,housekeeping_control,CH049,-0.1429006888542405
GSE156931,all_24_samples_sensitivity,housekeeping_control,CN032,-0.3538348317055329
GSE156931,all_24_samples_sensitivity,housekeeping_control,CN059,-0.006321799398749661
GSE156931,all_24_samples_sensitivity,housekeeping_control,CN062,0.4408407713330054
GSE156931,all_24_samples_sensitivity,housekeeping_control,CN067,0.7007380813898765
